old_path,action,redirect_target,reason,priority
# ══════════════════════════════════════════════════════════
# SECTION 1: KEEP — ห้ามแตะ slug/canonical (21 URLs)
# ══════════════════════════════════════════════════════════
/รับซื้อกล้อง/รับซื้อกล้องมือสอง-ขอนแ/,keep,,134 คลิก อันดับ 5.18 หน้าสร้างรายได้สูงสุด,—
/รับซื้อกล้อง/รับซื้อกล้องมือสอง-มหาส/,keep,,36 คลิก,—
/รับซื้อกล้อง/รับซื้อกล้องมือสอง-ร้อย/,keep,,35 คลิก,—
/รับซื้อกล้อง/ร้านรับซื้อกล้องอุบลรา/,keep,,28 คลิก,—
/รับซื้อกล้อง/ร้านรับซื้อกล้องสุราษฎ/,keep,,25 คลิก,—
/รับซื้อกล้อง/ร้านรับซื้อกล้องเชียงร/,keep,,24 คลิก,—
/รับซื้อกล้อง/ร้านรับซื้อกล้องลำปาง/,keep,,23 คลิก,—
/รับซื้อกล้อง/ร้านรับซื้อกล้องตรัง/,keep,,23 คลิก,—
/รับซื้อกล้อง/รับซื้อกล้องมือสอง-บุรี/,keep,,21 คลิก,—
/รับซื้อกล้อง/ร้านรับซื้อกล้องลพบุรี/,keep,,21 คลิก CTR 15.67%,—
/รับซื้อกล้อง/ร้านรับซื้อกล้องปราจีน/,keep,,19 คลิก อันดับ 4.32,—
/รับซื้อกล้อง/ร้านรับซื้อกล้องพะเยา/,keep,,17 คลิก CTR 24.64%,—
/รับซื้อกล้อง/ร้านรับซื้อกล้องอุดรธา/,keep,,14 คลิก CTR 17.72%,—
/article/shutter-count/,keep,,13 คลิก 945 impressions demand สูงมาก,—
/รับซื้อกล้อง/รับซื้อกล้องมือสอง-ศรีส/,keep,,13 คลิก,—
/รับซื้อกล้อง/ร้านรับซื้อกล้องกาญจนบ/,keep,,13 คลิก CTR 14.61%,—
/รับซื้อกล้อง/ร้านรับซื้อกล้องพิษณุโ/,keep,,12 คลิก 217 impressions,—
/รับซื้อกล้อง/ร้านรับซื้อกล้องนครสวร/,keep,,12 คลิก,—
/รับซื้อกล้อง/ร้านรับซื้อกล้องชุมพร/,keep,,12 คลิก,—
/article/กล้อง-360-องศา/,keep,,11 คลิก 521 impressions,—
/article/วิธีแพ็คกล้อง/,keep,,11 คลิก intent ตรงธุรกิจ,—
# ══════════════════════════════════════════════════════════
# SECTION 2: IMPROVE — ปรับ Title/Meta/CTA (ไม่ redirect)
# ══════════════════════════════════════════════════════════
/,improve,,8 คลิก อันดับ 10.81 เพิ่ม internal link ไปหน้าจังหวัด,high
/รับซื้อกล้อง/รับซื้อกล้องมือสอง-กาฬส/,improve,,7 คลิก อันดับ 8.85 เพิ่มเนื้อหา,high
/article/กล้องบริดจ์/,improve,,183 impressions CTR 3.28% ปรับ Title+CTA,high
/article/sony-a7iii-vs-a7iv/,improve,,6 คลิก เพิ่ม CTA ขายกล้อง Sony,high
/รับซื้อกล้อง/ร้านรับซื้อกล้องสุรินท/,improve,,6 คลิก เพิ่มเนื้อหา,high
/รับซื้อกล้อง/รับซื้อกล้องมือสอง-หนอ-2/,improve,,5 คลิก เพิ่มเนื้อหา,high
/article/กล้อง-dslr-คืออะไร/,improve,,709 impressions CTR 0.42% ปรับ Title+CTA เร่งด่วน,high
/article/กล้องถ่ายรูปมีกี่ชนิด/,improve,,215 impressions CTR 0% ปรับ Title+CTA,high
# ══════════════════════════════════════════════════════════
# SECTION 3: WATCH — เฝ้าดูก่อน มีบาง performance
# ══════════════════════════════════════════════════════════
/tag/ร้านรับซื้อกล้อง-สกลนคร/,watch,,14 คลิก 58 impressions สร้างหน้าจังหวัดสกลนครก่อน แล้วค่อย 301 tag,high
/tag/ร้านรับซื้อกล้อง-นครสวร/,watch,,9 คลิก มีหน้าจังหวัดรับอยู่แล้ว 301 ได้ทันที,high
/tag/รับซื้อกล้องสระบุรี/,watch,,2 คลิก พิจารณาสร้างหน้าสระบุรีก่อน,medium
/รับซื้อกล้อง/ร้านรับซื้อกล้องตาก/,watch,,5 คลิก อันดับ 5.65,medium
/กล้อง/ร้านรับซื้อกล้อง-สกลนคร/,watch,,5 คลิก อันดับ 6.66,medium
/กล้อง/รับซื้อกล้องถ่ายรูปมื-15/,watch,,5 คลิก CTR 22.73%,medium
/กล้อง/รับซื้อกล้องพร้อมเลนส์-9/,watch,,5 คลิก CTR 25%,medium
/กล้อง/ปล่อยกล้องมือสอง-สุรินท/,watch,,4 คลิก CTR 30.77%,medium
/รับซื้อกล้อง/ร้านรับซื้อกล้องน่าน/,watch,,3 คลิก,medium
/รับซื้อกล้อง/ร้านรับซื้อกล้องกาฬสิน/,watch,,3 คลิก,medium
/กล้อง/รับซื้อกล้องดิจิตอลมือ-3/,watch,,3 คลิก CTR 25%,medium
/กล้อง/รับซื้อกล้องเลนส์ราขึ้/,watch,,3 คลิก CTR 42.86%,medium
/รับซื้อกล้อง/ร้านรับซื้อกล้องกำแพงเ/,watch,,2 คลิก 44 impressions,medium
/review/,watch,,2 คลิก 44 impressions,medium
/กล้อง/รับซื้อกล้องเสียบางอาก-5/,watch,,2 คลิก 36 impressions,medium
/รับซื้อกล้อง/รับซื้อกล้องมือสอง-สุริ/,watch,,2 คลิก อันดับ 12.12,medium
/กล้อง/รับซื้อกล้อง-mirrorless-มือสอง-หน/,watch,,2 คลิก CTR 12.5%,medium
/กล้อง/รับซื้อกล้องถ่ายรูปมื-10/,watch,,2 คลิก CTR 12.5%,medium
/กล้อง/รับซื้อกล้องมือสอง-ใกล-5/,watch,,2 คลิก CTR 12.5%,medium
/กล้อง/รับซื้อกล้องมือสอง-ปากช/,watch,,2 คลิก CTR 20%,medium
/รับซื้อกล้อง/ร้านรับซื้อกล้องตราด/,watch,,2 คลิก CTR 20%,medium
/กล้อง/ร้านรับซื้อกล้อง-บึงกาฬ/,watch,,2 คลิก CTR 25% อันดับ 2.62,medium
/กล้อง/รับซื้อกล้องมือสอง-นางร/,watch,,2 คลิก CTR 25%,medium
/กล้อง/รับซื้อกล้องมือสอง-กล้-8/,watch,,2 คลิก CTR 28.57%,medium
/กล้อง/รับซื้อกล้อง-gopro-มือสอง-สุร/,watch,,2 คลิก CTR 33.33%,medium
/รับซื้อกล้อง/ร้านรับซื้อกล้องอำนาจเ/,watch,,2 คลิก CTR 33.33%,medium
/กล้อง/ร้านรับซื้อกล้องมือสอ-19/,watch,,2 คลิก CTR 40%,medium
/กล้อง/รับซื้อกล้องมือสอง-ขอน-4/,watch,,2 คลิก CTR 66.67%,medium
/กล้อง/รับซื้อกล้องมือสอง-เซกา/,watch,,2 คลิก CTR 100%,medium
/กล้อง/รับซื้อกล้องถ่ายรูปมื-17/,watch,,2 คลิก CTR 100%,medium
/article/fujifilm-xt4-vs-xt5/,watch,,1 คลิก 138 impressions อันดับ 29,medium
/กล้อง/รับซื้อกล้องมือสอง-อุบ-4/,watch,,1 คลิก CTR 4.17%,medium
/รับซื้อกล้อง/ร้านรับซื้อกล้องพังงา/,watch,,1 คลิก CTR 6.67%,medium
/รับซื้อกล้อง/ร้านรับซื้อกล้องหนองคา/,watch,,1 คลิก CTR 16.67%,medium
/รับซื้อกล้อง/ร้านรับซื้อกล้องยะลา/,watch,,1 คลิก CTR 33.33%,medium
# ══════════════════════════════════════════════════════════
# SECTION 4: TAG NOINDEX — tag archive ไม่มี performance (14 URLs)
# ══════════════════════════════════════════════════════════
/tag/ร้านรับซื้อกล้อง-ประจวบ/,noindex,,0 คลิก 14 impressions,high
/tag/ร้านรับซื้อกล้อง-ชัยนาท/,noindex,,0 คลิก 6 impressions,high
/tag/รับซื้อกล้องมือสอง-ฉะเช/,noindex,,0 คลิก 4 impressions,high
/tag/ร้านรับซื้อกล้อง-นนทบุร/,noindex,,0 คลิก 4 impressions,high
/tag/รับซื้อกล้องมือสอง-กาญจ/,noindex,,0 คลิก 3 impressions,high
/tag/รับซื้อกล้องมือสอง-ยโสธ/,noindex,,0 คลิก 1 impression,high
/tag/ร้านรับซื้อกล้อง-พังงา/,noindex,,0 คลิก 1 impression,high
/tag/ร้านรับซื้อกล้อง-ภูเก็ต/,noindex,,0 คลิก 1 impression,high
/tag/กล้องถ่ายรูป/,noindex,,0 คลิก 1 impression,high
/tag/รับซื้อกล้องพัทลุง/,noindex,,0 คลิก 1 impression,high
/tag/รับซื้อกล้องมือสอง-กระบ/,noindex,,0 คลิก 1 impression,high
/tag/ร้านรับซื้อกล้อง-ชัยภูม/,noindex,,0 คลิก 1 impression,high
/tag/รับซื้อกล้องมือสอง-สุรา/,noindex,,0 คลิก 1 impression,high
/tag/ร้านรับซื้อกล้อง-นครนาย/,noindex,,0 คลิก 2 impressions,high
# ══════════════════════════════════════════════════════════
# SECTION 5: TAG 301 — tag ที่มี performance มีหน้ารับอยู่แล้ว
# ══════════════════════════════════════════════════════════
/tag/ร้านรับซื้อกล้อง-นครสวร/,301,/รับซื้อกล้อง/ร้านรับซื้อกล้องนครสวร/,9 คลิก มีหน้าจังหวัดรับอยู่แล้ว,high
/tag/ร้านรับซื้อกล้อง-อำนาจเ/,301,/รับซื้อกล้อง/ร้านรับซื้อกล้องอำนาจเ/,2 คลิก มีหน้าจังหวัดรับ,high
/tag/ร้านรับซื้อกล้อง-สุราษฎ/,301,/รับซื้อกล้อง/ร้านรับซื้อกล้องสุราษฎ/,1 คลิก มีหน้าจังหวัดรับ,high
/tag/รับซื้อกล้องมือสอง-พะเย/,301,/รับซื้อกล้อง/ร้านรับซื้อกล้องพะเยา/,1 คลิก มีหน้าจังหวัดรับ,high
/tag/ร้านรับซื้อกล้อง-สระบุร/,301,/,1 คลิก ไม่มีหน้าจังหวัดสระบุรี,medium
/tag/รับซื้อกล้องมือสอง-สระแ/,301,/,1 คลิก ไม่มีหน้าจังหวัด สระแก้ว,medium
# ══════════════════════════════════════════════════════════
# SECTION 6: 301 HIGH PRIORITY — /กล้อง/ มี ≥1 คลิก (47 URLs)
# ══════════════════════════════════════════════════════════
/กล้อง/รับซื้อกล้องมือสอง-ใกล-12/,301,/,1 คลิก generic ใกล้ฉัน redirect หน้าแรก,high
/กล้อง/รับซื้อกล้องถ่ายรูปมือ-3/,301,/,1 คลิก generic ถ่ายรูป,high
/กล้อง/ร้านรับซื้อกล้อง-อุดรธา/,301,/รับซื้อกล้อง/ร้านรับซื้อกล้องอุดรธา/,1 คลิก อุดรธานี มีหน้ารับ,high
/กล้อง/รับซื้อกล้องถ่ายรูปมือ-8/,301,/,1 คลิก generic,high
/กล้อง/รับซื้อกล้องถ่ายรูปมื-16/,301,/,1 คลิก generic,high
/กล้อง/รับซื้อเลนส์กล้องมือสอ-9/,301,/models/,1 คลิก รับซื้อเลนส์ → models,high
/กล้อง/ร้านรับซื้อกล้องมือสอ-17/,301,/,1 คลิก generic,high
/กล้อง/รับซื้อกล้องมือสอง-ไม่-26/,301,/,1 คลิก generic,high
/กล้อง/รับซื้อกล้องมือสองเลนส-5/,301,/models/,1 คลิก เลนส์ → models,high
/กล้อง/รับซื้อกล้อง-gopro-มือสอง-ขอน/,301,/รับซื้อกล้อง/รับซื้อกล้องมือสอง-ขอนแ/,1 คลิก GoPro+ขอนแก่น → หน้าจังหวัด,high
/กล้อง/รับซื้อกล้องมือสอง-ด่ว-13/,301,/,1 คลิก ด่วน generic,high
/กล้อง/รับซื้อกล้องวิดีโอมือส-4/,301,/models/,1 คลิก กล้องวิดีโอ → models,high
/กล้อง/รับซื้อ-sony-zv-e10-มือสอง/,301,/models/#sony,1 คลิก Sony ZV-E10 → models Sony,high
/กล้อง/รับซื้อกล้องมือสอง-เดชอ/,301,/รับซื้อกล้อง/ร้านรับซื้อกล้องอุบลรา/,1 คลิก เดชอุดมอยู่ในอุบลฯ,high
/กล้อง/รับซื้อกล้องมือสอง-รับ-67/,301,/,1 คลิก generic,high
/กล้อง/รับซื้อกล้องมือสอง-ใกล-17/,301,/,1 คลิก ใกล้ฉัน generic,high
/กล้อง/รับซื้อกล้อง-nikon-มือสอง-สุร/,301,/รับซื้อกล้อง/ร้านรับซื้อกล้องสุรินท/,1 คลิก Nikon+สุรินทร์ → หน้าจังหวัด,high
/กล้อง/รับซื้อกล้องมือสอง-โพลา/,301,/models/,1 คลิก กล้องโพลารอยด์ → models,high
/กล้อง/รับซื้อกล้องมือสอง-ด่ว-15/,301,/,1 คลิก ด่วน generic,high
/กล้อง/รับซื้อกล้อง-fujifilm-มือสอง-อุบ/,301,/รับซื้อกล้อง/ร้านรับซื้อกล้องอุบลรา/,1 คลิก Fujifilm+อุบลฯ → หน้าจังหวัด,high
/กล้อง/รับซื้อกล้อง-dslr-มือสอง-สกล/,301,/กล้อง/ร้านรับซื้อกล้อง-สกลนคร/,1 คลิก DSLR+สกลนคร → หน้าสกลนคร,high
/กล้อง/รับซื้อกล้องถ่ายรูปมื-13/,301,/,1 คลิก generic,high
/กล้อง/รับซื้อกล้อง-olympus-om-d-มือสอง-บุ/,301,/รับซื้อกล้อง/รับซื้อกล้องมือสอง-บุรี/,1 คลิก Olympus+บุรีรัมย์ → หน้าจังหวัด,high
/กล้อง/รับซื้อกล้อง-sony-a6400-มือสอง-สุ/,301,/รับซื้อกล้อง/ร้านรับซื้อกล้องสุรินท/,1 คลิก Sony+สุรินทร์ → หน้าจังหวัด,high
/กล้อง/รับซื้อกล้องมือสอง-สุร-6/,301,/รับซื้อกล้อง/ร้านรับซื้อกล้องสุรินท/,1 คลิก สุรินทร์ → หน้าจังหวัด,high
/กล้อง/รับซื้อกล้อง-sony-มือสอง-ร้อ/,301,/รับซื้อกล้อง/รับซื้อกล้องมือสอง-ร้อย/,1 คลิก Sony+ร้อยเอ็ด → หน้าจังหวัด,high
/กล้อง/รับซื้อกล้องมือสอง-เขมร/,301,/รับซื้อกล้อง/รับซื้อกล้องมือสอง-ศรีส/,1 คลิก เขมรอยู่ในศรีสะเกษ → หน้าจังหวัด,high
/กล้อง/รับซื้อกล้อง-dslr-บุรีรัมย์/,301,/รับซื้อกล้อง/รับซื้อกล้องมือสอง-บุรี/,1 คลิก DSLR+บุรีรัมย์ → หน้าจังหวัด,high
/กล้อง/รับซื้อกล้อง-sony-มือสอง-อุบ-2/,301,/รับซื้อกล้อง/ร้านรับซื้อกล้องอุบลรา/,1 คลิก Sony+อุบลฯ → หน้าจังหวัด,high
/กล้อง/ร้านรับซื้อกล้อง-นครพนม/,301,/,1 คลิก ไม่มีหน้าจังหวัดนครพนม,high
/กล้อง/รับซื้อกล้อง-gopro-hero-มือสอง-นค-2/,301,/,1 คลิก GoPro+นครราชสีมา ไม่มีหน้าจังหวัด,high
/กล้อง/รับซื้อ-olympus-om-d-มือสอง/,301,/models/#olympus,1 คลิก Olympus generic → models,high
/กล้อง/ร้านรับซื้อกล้อง-สุรินท/,301,/รับซื้อกล้อง/ร้านรับซื้อกล้องสุรินท/,1 คลิก สุรินทร์ มีหน้ารับ,high
/กล้อง/รับซื้อกล้อง-olympus-om-d-มือสอง-อุ-2/,301,/รับซื้อกล้อง/ร้านรับซื้อกล้องอุบลรา/,1 คลิก Olympus+อุบลฯ → หน้าจังหวัด,high
/กล้อง/รับซื้อกล้องมือสอง-อำน-5/,301,/รับซื้อกล้อง/ร้านรับซื้อกล้องอำนาจเ/,1 คลิก อำนาจเจริญ มีหน้ารับ,high
/กล้อง/รับซื้อกล้องมือสองเลนส-3/,301,/models/,1 คลิก เลนส์ → models,high
/กล้อง/รับซื้อกล้องมือสอง-เลน-63/,301,/models/,1 คลิก เลนส์ → models,high
/กล้อง/รับซื้อกล้องมือสอง-เครื/,301,/,1 คลิก unknown location,high
/กล้อง/รับซื้อกล้องมือสอง-พยัค/,301,/รับซื้อกล้อง/รับซื้อกล้องมือสอง-มหาส/,1 คลิก พยัคฆภูมิอยู่ในมหาสารคาม,high
/กล้อง/รับซื้อกล้องมือสอง-ราษี/,301,/รับซื้อกล้อง/รับซื้อกล้องมือสอง-ศรีส/,1 คลิก ราษีไศลอยู่ในศรีสะเกษ,high
/กล้อง/รับซื้อกล้องมือสอง-อากา/,301,/,1 คลิก อากาศอำนวย location unclear,high
/กล้อง/รับซื้อกล้อง-fujifilm-มือสอง-มุก/,301,/,1 คลิก มุกดาหาร ไม่มีหน้าจังหวัด,high
/กล้อง/รับซื้อกล้องมือสอง-ถึง-14/,301,/,1 คลิก generic,high
/กล้อง/รับซื้อเลนส์กล้องมือส-13/,301,/models/,1 คลิก เลนส์ → models,high
/กล้อง/รับซื้อกล้อง-gopro-hero-มือสอง-หน-2/,301,/,1 คลิก GoPro generic,high
/กล้อง/รับซื้อกล้องพร้อมเลนส-15/,301,/models/,1 คลิก เลนส์ → models,high
# ══════════════════════════════════════════════════════════
# SECTION 7: 301 MEDIUM PRIORITY — พิจารณารวม/Noindex (0 คลิก แต่ยังมี impressions ≥6)
# ══════════════════════════════════════════════════════════
/กล้อง/รับซื้อกล้องมือสอง-หนอ-3/,301,/รับซื้อกล้อง/ร้านรับซื้อกล้องหนองคา/,0 คลิก 13 impressions หนองคาย → หน้าจังหวัด,medium
/กล้อง/รับซื้อกล้องด่วน-อุบลรา/,301,/รับซื้อกล้อง/ร้านรับซื้อกล้องอุบลรา/,0 คลิก 11 impressions อุบลฯ → หน้าจังหวัด,medium
/กล้อง/รับซื้อกล้องมือสอง-ใกล-11/,301,/,0 คลิก 10 impressions ใกล้ฉัน generic,medium
/กล้อง/รับซื้อกล้องถ่ายรูปมือ-5/,301,/,0 คลิก 10 impressions generic,medium
/กล้อง/รับซื้อกล้อง-panasonic-มือสอง-ชั/,301,/models/#panasonic,0 คลิก 9 impressions Panasonic → models,medium
/กล้อง/รับซื้อกล้องใช้งานปกต-18/,301,/,0 คลิก 9 impressions generic,medium
/กล้อง/ร้านรับซื้อกล้อง-อุบลรา/,301,/รับซื้อกล้อง/ร้านรับซื้อกล้องอุบลรา/,0 คลิก 9 impressions อุบลฯ มีหน้ารับ,medium
/กล้อง/รับซื้อกล้อง-canon-มือสอง-ยโส/,301,/,0 คลิก 9 impressions ยโสธร ไม่มีหน้าจังหวัด,medium
/กล้อง/รับซื้อกล้องมือสอง-นัด-18/,301,/,0 คลิก 9 impressions generic นัด,medium
/กล้อง/รับซื้อเลนส์กล้องมือสอ-7/,301,/models/,0 คลิก 8 impressions เลนส์ → models,medium
/กล้อง/รับซื้อกล้องมือสอง-ใกล-7/,301,/,0 คลิก 8 impressions ใกล้ฉัน,medium
/กล้อง/รับซื้อโดรน-dji-มือสอง-ทุกร/,301,/models/#dji,0 คลิก 7 impressions DJI → models,medium
/กล้อง/รับซื้อเลนส์กล้องมือส-10/,301,/models/,0 คลิก 7 impressions เลนส์ → models,medium
/กล้อง/รับซื้อกล้องมือสอง-ใกล้/,301,/,0 คลิก 7 impressions ใกล้ฉัน generic,medium
/กล้อง/รับซื้อกล้องมือสอง-ปราส/,301,/รับซื้อกล้อง/ร้านรับซื้อกล้องสุรินท/,0 คลิก 6 impressions ปราสาทอยู่ในสุรินทร์,medium
/กล้อง/รับซื้อกล้องมือสอง-ยโสธ/,301,/,0 คลิก 6 impressions ยโสธร ไม่มีหน้าจังหวัด,medium
/กล้อง/ร้านรับซื้อกล้องมือสอง-3/,301,/,0 คลิก 6 impressions generic,medium
/กล้อง/รับซื้อกล้องมือสอง-ตีร-11/,301,/,0 คลิก 6 impressions location unclear,medium
/กล้อง/รับซื้อกล้อง-mirrorless-มือสอง-สุ/,301,/รับซื้อกล้อง/ร้านรับซื้อกล้องสุรินท/,0 คลิก 6 impressions Mirrorless+สุรินทร์,medium
# ══════════════════════════════════════════════════════════
# SECTION 8: 301/DELETE LOW PRIORITY — ลบหลังตรวจ backlink (0 คลิก ≤5 impressions)
# ══════════════════════════════════════════════════════════
/article/ทำไมกล้อง-fuji-มือสองถึงน่า/,301,/models/#fujifilm,0 คลิก 5 impressions Fuji → models,low
/กล้อง/รับซื้อกล้องมือสอง-ประเ/,301,/รับซื้อกล้อง/ร้านรับซื้อกล้องปราจีน/,0 คลิก 5 impressions ประจวบ? ปราจีน?,low
/กล้อง/รับซื้อกล้องมือสอง-ท่า-2/,301,/,0 คลิก 5 impressions ท่าบ่อ near หนองคาย,low
/กล้อง/ปล่อยกล้องมือสอง-กาฬสิน/,301,/รับซื้อกล้อง/รับซื้อกล้องมือสอง-กาฬส/,0 คลิก 5 impressions กาฬสินธุ์ มีหน้ารับ,low
/กล้อง/รับซื้อกล้องมือสอง-หน้า/,301,/,0 คลิก 5 impressions generic,low
/กล้อง/ร้านรับซื้อกล้อง-นครราช/,301,/,0 คลิก 5 impressions โคราช ไม่มีหน้าจังหวัด,low
/รับซื้อกล้อง/ร้านรับซื้อกล้องนครปฐม/,301,/,0 คลิก 5 impressions ไม่มีหน้าจังหวัด,low
/article/กล้องคอมแพคคืออะไร/,301,/,0 คลิก 5 impressions ลบ/noindex ได้,low
/รับซื้อกล้อง/รับซื้อกล้องมือสอง/,301,/,0 คลิก 5 impressions generic duplicate,low
/กล้อง/ร้านรับซื้อกล้อง-โคราช/,301,/,0 คลิก 5 impressions โคราช ไม่มีหน้า,low
/กล้อง/รับซื้อกล้องมือสอง-เลน-67/,301,/models/,0 คลิก 5 impressions เลนส์,low
/กล้อง/ร้านรับซื้อกล้องมือสอ-11/,301,/,0 คลิก 5 impressions generic,low
/กล้อง/รับซื้อกล้องดิจิตอลมือ-4/,301,/,0 คลิก 5 impressions generic,low
/กล้อง/รับซื้อกล้องมือสอง-รับ-59/,301,/,0 คลิก 5 impressions generic,low
/รับซื้อกล้อง/ร้านรับซื้อกล้องสิงห์บ/,301,/,0 คลิก 4 impressions สิงห์บุรี ไม่มีหน้า,low
/กล้อง/รับซื้อกล้องใช้งานปกติ/,301,/,0 คลิก 4 impressions generic,low
/กล้อง/รับซื้อกล้องคอมแพคมือส-3/,301,/models/,0 คลิก 4 impressions คอมแพค → models,low
/กล้อง/ร้านรับซื้อกล้อง-หนองบั/,301,/รับซื้อกล้อง/ร้านรับซื้อกล้องหนองคา/,0 คลิก 4 impressions หนองบัวลำภู near หนองคาย,low
/กล้อง/รับซื้อกล้องมือสอง-รับ-57/,301,/,0 คลิก 4 impressions generic,low
/กล้อง/รับซื้อกล้องฟูลเฟรมมือ-2/,301,/models/,0 คลิก 4 impressions ฟูลเฟรม → models,low
/กล้อง/รับซื้อกล้องมือสอง-ศรี-4/,301,/รับซื้อกล้อง/รับซื้อกล้องมือสอง-ศรีส/,0 คลิก 4 impressions ศรีสะเกษ,low
/tag/รับซื้อกล้องมือสอง-ฉะเช/,noindex,,0 คลิก 4 impressions tag ไม่มีค่า,low
/tag/ร้านรับซื้อกล้อง-นนทบุร/,noindex,,0 คลิก 4 impressions tag ไม่มีค่า,low
/กล้อง/รับซื้อกล้อง-dslr-มือสอง-ยโส/,301,/,0 คลิก 4 impressions ยโสธร ไม่มีหน้าจังหวัด,low
/กล้อง/รับซื้อกล้อง-canon-nikon-นครพนม/,301,/,0 คลิก 4 impressions นครพนม ไม่มีหน้า,low
/กล้อง/รับซื้อกล้อง-dslr-อุดรธานี/,301,/รับซื้อกล้อง/ร้านรับซื้อกล้องอุดรธา/,0 คลิก 3 impressions DSLR+อุดรธานี,low
/กล้อง/รับซื้อกล้องมือสอง-หัวต/,301,/,0 คลิก 3 impressions หัวตะพาน near อำนาจเจริญ,low
/กล้อง/รับซื้อกล้องถ่ายรูปมื-18/,301,/,0 คลิก 3 impressions generic,low
/กล้อง/รับซื้อกล้องมือสอง-ขุขั/,301,/รับซื้อกล้อง/รับซื้อกล้องมือสอง-ศรีส/,0 คลิก 3 impressions ขุขันธ์อยู่ในศรีสะเกษ,low
/กล้อง/รับซื้อกล้องมือสอง-กันท/,301,/รับซื้อกล้อง/รับซื้อกล้องมือสอง-ศรีส/,0 คลิก 3 impressions กันทรลักษ์ in ศรีสะเกษ,low
/กล้อง/รับซื้อกล้อง-leica-q-มือสอง-เลย/,301,/models/#leica,0 คลิก 3 impressions Leica+เลย → models Leica,low
/กล้อง/รับซื้อกล้องดิจิตอลมือ/,301,/,0 คลิก 3 impressions generic ดิจิตอล,low
/กล้อง/รับซื้อกล้องมือสอง-นัด-14/,301,/,0 คลิก 3 impressions generic นัด,low
/กล้อง/รับซื้อกล้องดิจิตอลมือ-5/,301,/,0 คลิก 3 impressions generic,low
/กล้อง/รับซื้อกล้องดิจิตอลมื-18/,301,/,0 คลิก 3 impressions generic,low
/กล้อง/รับซื้อกล้องมือสอง-นัด-12/,301,/,0 คลิก 3 impressions generic,low
/กล้อง/รับซื้อกล้อง-gopro-hero-มือสอง-อุ-2/,301,/รับซื้อกล้อง/ร้านรับซื้อกล้องอุบลรา/,0 คลิก 3 impressions GoPro+อุบลฯ,low
/กล้อง/รับซื้อกล้องมือสองด่วน-2/,301,/,0 คลิก 3 impressions generic,low
/กล้อง/รับซื้อกล้องมือสองอุดร/,301,/รับซื้อกล้อง/ร้านรับซื้อกล้องอุดรธา/,0 คลิก 3 impressions อุดรธานี,low
/กล้อง/รับซื้อกล้องมือสอง-รับ-7/,301,/,0 คลิก 3 impressions generic,low
/กล้อง/รับซื้อกล้องมือสอง-ไม่-21/,301,/,0 คลิก 3 impressions generic,low
/กล้อง/ขายกล้องมือสองที่ไหนด-12/,301,/,0 คลิก 3 impressions generic,low
/กล้อง/รับซื้อกล้องมือสองไม่ม-2/,301,/,0 คลิก 3 impressions generic,low
/กล้อง/รับซื้อกล้องใช้งานปกต-17/,301,/,0 คลิก 3 impressions generic,low
/กล้อง/รับซื้อกล้องถ่ายรูปมื-11/,301,/,0 คลิก 3 impressions generic,low
/กล้อง/รับซื้อกล้องถ่ายรูปมือ-4/,301,/,0 คลิก 3 impressions generic,low
/กล้อง/รับซื้อกล้องมือสองไม่ม-4/,301,/,0 คลิก 3 impressions generic,low
/กล้อง/รับซื้อกล้อง-canon-nikon-บึงกาฬ/,301,/รับซื้อกล้อง/ร้านรับซื้อกล้องหนองคา/,0 คลิก 3 impressions บึงกาฬ near หนองคาย,low
/tag/รับซื้อกล้องมือสอง-กาญจ/,noindex,,0 คลิก 3 impressions tag,low
/กล้อง/รับซื้อกล้องฟูลเฟรม-มื-6/,301,/models/,0 คลิก 3 impressions ฟูลเฟรม → models,low
/กล้อง/ร้านรับซื้อกล้องมือสอ-10/,301,/,0 คลิก 3 impressions generic,low
/กล้อง/รับซื้อกล้องมือสอง-ใกล-8/,301,/,0 คลิก 3 impressions ใกล้ฉัน,low
/กล้อง/รับซื้อกล้องมือสอง-ด่ว-7/,301,/,0 คลิก 3 impressions generic ด่วน,low
/กล้อง/รับซื้อกล้องมือสอง-ส่ง-9/,301,/,0 คลิก 3 impressions generic ส่ง,low
/กล้อง/รับซื้อกล้อง-olympus-มือสอง-อำน/,301,/รับซื้อกล้อง/ร้านรับซื้อกล้องอำนาจเ/,0 คลิก 3 impressions Olympus+อำนาจเจริญ,low
/กล้อง/รับซื้อกล้อง-gopro-hero-มือสอง-อำ/,301,/รับซื้อกล้อง/ร้านรับซื้อกล้องอำนาจเ/,0 คลิก 3 impressions GoPro+อำนาจ,low
/กล้อง/รับซื้อกล้องมือสอง-ด่วน/,301,/,0 คลิก 2 impressions generic ด่วน,low
/กล้อง/รับซื้อขาตั้งกล้องมือส/,301,/models/,0 คลิก 2 impressions ขาตั้งกล้อง → models,low
/รับซื้อกล้อง/ร้านรับซื้อกล้องอุตรดิ/,301,/รับซื้อกล้อง/ร้านรับซื้อกล้องพิษณุโ/,0 คลิก 2 impressions อุตรดิตถ์ near พิษณุโลก,low
/กล้อง/รับซื้อกล้อง-dslr-มือสอง-มุก/,301,/,0 คลิก 2 impressions มุกดาหาร ไม่มีหน้า,low
/กล้อง/ปล่อยกล้องมือสอง-ศรีสะเ/,301,/รับซื้อกล้อง/รับซื้อกล้องมือสอง-ศรีส/,0 คลิก 2 impressions ศรีสะเกษ,low
/กล้อง/รับซื้อ-canon-eos-r5-มือสอง/,301,/models/#canon,0 คลิก 2 impressions Canon R5 → models,low
/กล้อง/รับซื้อกล้องเลนส์มือสอ-3/,301,/models/,0 คลิก 2 impressions เลนส์ → models,low
/กล้อง/รับซื้อกล้องมือสอง-ใกล-14/,301,/,0 คลิก 2 impressions ใกล้ฉัน,low
/กล้อง/ขายกล้องมือสองที่ไหนด-18/,301,/,0 คลิก 2 impressions generic ขายที่ไหน,low
/กล้อง/รับซื้อกล้องมือสอง-ถึง-15/,301,/,0 คลิก 2 impressions generic,low
/กล้อง/รับซื้อกล้อง-canon-eos-r-มือสอง-สุ/,301,/models/#canon,0 คลิก 2 impressions Canon EOS R → models,low
/กล้อง/รับซื้อกล้อง-canon-r6-มือสอง-ขอน/,301,/รับซื้อกล้อง/รับซื้อกล้องมือสอง-ขอนแ/,0 คลิก 2 impressions Canon R6+ขอนแก่น,low
/กล้อง/รับซื้อกล้อง-dslr-บึงกาฬ/,301,/รับซื้อกล้อง/ร้านรับซื้อกล้องหนองคา/,0 คลิก 2 impressions DSLR+บึงกาฬ near หนองคาย,low
/กล้อง/รับซื้อกล้อง-sony-มือสอง-สุร/,301,/รับซื้อกล้อง/ร้านรับซื้อกล้องสุรินท/,0 คลิก 2 impressions Sony+สุรินทร์,low
/กล้อง/รับซื้อกล้องมือสอง-ศรีบ/,301,/รับซื้อกล้อง/รับซื้อกล้องมือสอง-ศรีส/,0 คลิก 2 impressions ศรีบุญเรือง near ศรีสะเกษ,low
/กล้อง/รับซื้อกล้องมือสอง-เลน-76/,301,/models/,0 คลิก 2 impressions เลนส์,low
/กล้อง/รับซื้อกล้องเสียหนองคา/,301,/รับซื้อกล้อง/ร้านรับซื้อกล้องหนองคา/,0 คลิก 2 impressions หนองคาย,low
/กล้อง/รับซื้อกล้อง-gopro-มือสอง-นคร-2/,301,/,0 คลิก 2 impressions GoPro generic,low
/กล้อง/รับซื้อกล้อง-gopro-hero-มือสอง-สุ/,301,/รับซื้อกล้อง/ร้านรับซื้อกล้องสุรินท/,0 คลิก 2 impressions GoPro+สุรินทร์,low
/กล้อง/รับซื้อกล้อง-dslr-มือสอง-บุร/,301,/รับซื้อกล้อง/รับซื้อกล้องมือสอง-บุรี/,0 คลิก 2 impressions DSLR+บุรีรัมย์,low
/กล้อง/รับซื้อกล้อง-dslr-โคราช/,301,/,0 คลิก 2 impressions โคราช ไม่มีหน้า,low
/กล้อง/รับซื้อกล้อง-fujifilm-มือสอง-มหา/,301,/รับซื้อกล้อง/รับซื้อกล้องมือสอง-มหาส/,0 คลิก 2 impressions Fuji+มหาสารคาม,low
/กล้อง/ร้านรับซื้อกล้องมือสอ-16/,301,/,0 คลิก 2 impressions generic,low
/กล้อง/ร้านรับซื้อกล้อง-เลย/,301,/,0 คลิก 2 impressions เลย ไม่มีหน้าจังหวัด,low
/กล้อง/รับซื้อกล้องมือสอง-บึง-3/,301,/รับซื้อกล้อง/ร้านรับซื้อกล้องหนองคา/,0 คลิก 2 impressions บึงกาฬ near หนองคาย,low
/กล้อง/ขายกล้องมือสองที่ไหนดี-6/,301,/,0 คลิก 2 impressions generic,low
/กล้อง/รับซื้อกล้องมือสอง-นัด-9/,301,/,0 คลิก 2 impressions generic,low
/กล้อง/ร้านรับซื้อกล้อง-ร้อยเอ/,301,/รับซื้อกล้อง/รับซื้อกล้องมือสอง-ร้อย/,0 คลิก 2 impressions ร้อยเอ็ด,low
/กล้อง/รับซื้อกล้องเสียบางอาก-4/,301,/,0 คลิก 2 impressions generic เสีย,low
/กล้อง/รับซื้อกล้อง-dslr-ศรีสะเกษ/,301,/รับซื้อกล้อง/รับซื้อกล้องมือสอง-ศรีส/,0 คลิก 2 impressions DSLR+ศรีสะเกษ,low
/tag/ร้านรับซื้อกล้อง-นครนาย/,noindex,,0 คลิก 2 impressions tag,low
/กล้อง/รับซื้อกล้องมือสอง-ชัย-5/,301,/,0 คลิก 2 impressions ชัยภูมิ? ชัยนาท? ไม่มีหน้า,low
/กล้อง/รับซื้อกล้องมือสอง-ส่ง-6/,301,/,0 คลิก 2 impressions ส่งกล้อง generic,low
/กล้อง/ร้านรับซื้อกล้องมือสอง-8/,301,/,0 คลิก 2 impressions generic,low
/รับซื้อกล้อง/ร้านรับซื้อกล้องบุรีรั/,301,/รับซื้อกล้อง/รับซื้อกล้องมือสอง-บุรี/,0 คลิก 2 impressions บุรีรัมย์ มีหน้ารับ,low
/กล้อง/รับซื้อกล้องดิจิตอลมื-11/,301,/,0 คลิก 2 impressions generic,low
/กล้อง/รับซื้อกล้องมือสอง-ถึง-8/,301,/,0 คลิก 2 impressions generic,low
/uncategorized/รับซื้อกล้อง-panasonic-มือสอง-มุ/,301,/models/#panasonic,0 คลิก 2 impressions uncategorized → models,low
/กล้อง/รับซื้อกล้อง-canon-มือสอง-ศรี/,301,/รับซื้อกล้อง/รับซื้อกล้องมือสอง-ศรีส/,0 คลิก 2 impressions Canon+ศรีสะเกษ,low
/กล้อง/ร้านรับซื้อกล้องมือสอง-7/,301,/,0 คลิก 2 impressions generic,low
/กล้อง/ปล่อยกล้องมือสอง-บุรีรั/,301,/รับซื้อกล้อง/รับซื้อกล้องมือสอง-บุรี/,0 คลิก 2 impressions บุรีรัมย์,low
/กล้อง/รับซื้อกล้องพร้อมเลนส-18/,301,/models/,0 คลิก 2 impressions เลนส์,low
/กล้อง/รับซื้อกล้องมือสอง-ขอน-3/,301,/รับซื้อกล้อง/รับซื้อกล้องมือสอง-ขอนแ/,0 คลิก 2 impressions ขอนแก่น,low
/กล้อง/รับซื้อกล้อง-sony-a7-iii-มือสอง-หน/,301,/models/#sony,0 คลิก 2 impressions Sony A7III generic → models,low
/กล้อง/รับซื้อเลนส์กล้องมือส-18/,301,/models/,0 คลิก 2 impressions เลนส์,low
/กล้อง/รับซื้อกล้องมือสองเลนส-6/,301,/models/,0 คลิก 2 impressions เลนส์,low
/กล้อง/รับซื้อกล้อง-dslr-หนองคาย/,301,/รับซื้อกล้อง/ร้านรับซื้อกล้องหนองคา/,0 คลิก 2 impressions DSLR+หนองคาย,low
/กล้อง/รับซื้อกล้องดิจิตอลมื-17/,301,/,0 คลิก 2 impressions generic,low
/กล้อง/รับซื้อกล้องมือสอง-โพนท/,301,/,0 คลิก 1 impression โพนทอง near ร้อยเอ็ด,low
/กล้อง/รับซื้อกล้องเสียบางอาก-2/,301,/,0 คลิก 1 impression กล้องเสีย generic,low
/กล้อง/รับซื้อกล้อง-canon-r6-มือสอง-ยโส/,301,/,0 คลิก 1 impression ยโสธร ไม่มีหน้า,low
/กล้อง/รับซื้อกล้อง-fujifilm-มือสอง-อุด/,301,/รับซื้อกล้อง/ร้านรับซื้อกล้องอุดรธา/,0 คลิก 1 impression Fuji+อุดรธานี,low
/กล้อง/รับซื้อกล้อง-gopro-มือสอง-บึง/,301,/รับซื้อกล้อง/ร้านรับซื้อกล้องหนองคา/,0 คลิก 1 impression GoPro+บึงกาฬ,low
/กล้อง/ร้านรับซื้อกล้อง-สกลนคร/#how-to-sell,301,/กล้อง/ร้านรับซื้อกล้อง-สกลนคร/,0 คลิก anchor fragment → parent page,low
/กล้อง/ร้านรับซื้อกล้อง-สกลนคร/#preparation-checklist,301,/กล้อง/ร้านรับซื้อกล้อง-สกลนคร/,0 คลิก anchor fragment → parent page,low
/กล้อง/ร้านรับซื้อกล้อง-สกลนคร/#price-factors,301,/กล้อง/ร้านรับซื้อกล้อง-สกลนคร/,0 คลิก anchor fragment → parent page,low
/กล้อง/รับซื้อกล้องมือสอง-กระน/,301,/,0 คลิก 1 impression generic,low
/กล้อง/รับซื้อกล้องมือสอง-ถึง-17/,301,/,0 คลิก 1 impression generic,low
/กล้อง/รับซื้อกล้องใช้งานปกติ-2/,301,/,0 คลิก 1 impression generic,low
/กล้อง/รับซื้อกล้อง-sony-มือสอง-อุบ/,301,/รับซื้อกล้อง/ร้านรับซื้อกล้องอุบลรา/,0 คลิก 1 impression Sony+อุบลฯ,low
/กล้อง/รับซื้อ-canon-eos-r-series/,301,/models/#canon,0 คลิก 1 impression Canon EOS R → models,low
/กล้อง/ร้านรับซื้อกล้อง-มุกดาห/,301,/,0 คลิก 1 impression มุกดาหาร ไม่มีหน้า,low
/tag/กล้องถ่ายรูป/,noindex,,0 คลิก 1 impression tag,low
/กล้อง/รับซื้อกล้องดิจิตอลมือ-6/,301,/,0 คลิก 1 impression generic,low
/กล้อง/รับซื้อกล้องมือสอง-ชุมแ/,301,/รับซื้อกล้อง/ร้านรับซื้อกล้องชุมพร/,0 คลิก 1 impression ชุมแสง near ชุมพร? (ชุมแสง actually in Nakhon Sawan → นครสวรรค์),low
/กล้อง/รับซื้อกล้องมือสอง-ตีร-15/,301,/,0 คลิก 1 impression location unclear,low
/กล้อง/รับซื้อกล้องมือสอง-ถึง-10/,301,/,0 คลิก 1 impression generic ถึงบ้าน,low
/กล้อง/รับซื้อกล้องมือสอง-เลน-42/,301,/models/,0 คลิก 1 impression เลนส์,low
/กล้อง/รับซื้อกล้อง-canon-nikon-หนองบัวล/,301,/รับซื้อกล้อง/ร้านรับซื้อกล้องหนองคา/,0 คลิก 1 impression หนองบัวลำภู,low
/กล้อง/รับซื้อกล้อง-canon-r6-มือสอง-อุบ/,301,/รับซื้อกล้อง/ร้านรับซื้อกล้องอุบลรา/,0 คลิก 1 impression Canon R6+อุบลฯ,low
/กล้อง/รับซื้อกล้อง-dslr-มือสอง-อุบ/,301,/รับซื้อกล้อง/ร้านรับซื้อกล้องอุบลรา/,0 คลิก 1 impression DSLR+อุบลฯ,low
/กล้อง/รับซื้อกล้อง-sony-มือสอง-นคร/,301,/,0 คลิก 1 impression Sony+นครอะไร ไม่ชัด,low
/รับซื้อกล้อง/ร้านรับซื้อกล้องนครพนม/,301,/,0 คลิก 1 impression ไม่มีหน้าจังหวัด,low
/กล้อง/รับซื้อกล้องมือสอง-ชัย-2/,301,/,0 คลิก 1 impression ชัยภูมิ/ชัยนาท ไม่มีหน้า,low
/กล้อง/รับซื้อกล้องมือสอง-พรเจ/,301,/,0 คลิก 1 impression พระเจ้า? พรเจดีย์? unclear,low
/กล้อง/รับซื้อกล้องมือสอง-ภาคอ/,301,/,0 คลิก 1 impression ภาคอีสาน generic,low
/กล้อง/รับซื้อกล้องมือสอง-สุร-2/,301,/รับซื้อกล้อง/ร้านรับซื้อกล้องสุรินท/,0 คลิก 1 impression สุรินทร์,low
/กล้อง/รับซื้อกล้องมือสอง-ส่งข/,301,/,0 คลิก 1 impression ส่งกล้อง generic,low
/กล้อง/รับซื้อกล้องมือสอง-ส่ง-2/,301,/,0 คลิก 1 impression ส่งกล้อง generic,low
/กล้อง/รับซื้อกล้องมือสอง-อุด-2/,301,/รับซื้อกล้อง/ร้านรับซื้อกล้องอุดรธา/,0 คลิก 1 impression อุดรธานี,low
/กล้อง/รับซื้อกล้องมือสอง-ไม่-25/,301,/,0 คลิก 1 impression generic ไม่จำกัดแบรนด์,low
/กล้อง/รับซื้อกล้องมือสอง-ไม่-29/,301,/,0 คลิก 1 impression generic,low
/กล้อง/รับซื้อกล้องใช้งานปกติ-5/,301,/,0 คลิก 1 impression generic,low
/กล้อง/รับซื้อกล้อง-canon-eos-r-มือสอง-มุ/,301,/models/#canon,0 คลิก 1 impression Canon+มุกดาหาร → models,low
/กล้อง/รับซื้อกล้อง-canon-eos-rp-มือสอง-หน-2/,301,/models/#canon,0 คลิก 1 impression Canon EOS RP → models,low
/กล้อง/รับซื้อกล้อง-fujifilm-x-t4-มือสอง-เล/,301,/models/#fujifilm,0 คลิก 1 impression Fuji XT4+เลย → models,low
/กล้อง/รับซื้อกล้อง-panasonic-มือสอง-อุ/,301,/models/#panasonic,0 คลิก 1 impression Panasonic+อุบล → models,low
/tag/รับซื้อกล้องพัทลุง/,noindex,,0 คลิก 1 impression tag,low
/tag/รับซื้อกล้องมือสอง-กระบ/,noindex,,0 คลิก 1 impression tag,low
/กล้อง/ขายกล้องมือสองขอนแก่น/,301,/รับซื้อกล้อง/รับซื้อกล้องมือสอง-ขอนแ/,0 คลิก 1 impression ขอนแก่น → หน้าจังหวัด,low
/กล้อง/รับซื้อกล้องมือสอง-ร้า-2/,301,/,0 คลิก 1 impression generic,low
/กล้อง/รับซื้อกล้องมือสอง-ลำปล/,301,/รับซื้อกล้อง/ร้านรับซื้อกล้องลำปาง/,0 คลิก 1 impression ลำปลายมาศ in บุรีรัมย์? ลำปาง? → ลำปาง safer,low
/กล้อง/รับซื้อกล้องมือสอง-อุดร/,301,/รับซื้อกล้อง/ร้านรับซื้อกล้องอุดรธา/,0 คลิก 1 impression อุดรธานี,low
/กล้อง/รับซื้อกล้องวิดีโอมือ-14/,301,/models/,0 คลิก 1 impression กล้องวิดีโอ → models,low
/กล้อง/รับซื้อกล้อง-fujifilm-x-t30-มือสอง-ยโ/,301,/,0 คลิก 1 impression Fuji XT30+ยโสธร ไม่มีหน้า,low
/กล้อง/รับซื้อกล้อง-fujifilm-x100v-มือสอง-มุ/,301,/,0 คลิก 1 impression Fuji X100V+มุกดาหาร ไม่มีหน้า,low
/กล้อง/รับซื้อกล้อง-leica-มือสอง-อำน/,301,/รับซื้อกล้อง/ร้านรับซื้อกล้องอำนาจเ/,0 คลิก 1 impression Leica+อำนาจเจริญ,low
/กล้อง/ร้านรับซื้อกล้องมือสอง-6/,301,/,0 คลิก 1 impression generic,low
/กล้อง/ร้านรับซื้อกล้อง-มหาสาร/,301,/รับซื้อกล้อง/รับซื้อกล้องมือสอง-มหาส/,0 คลิก 1 impression มหาสารคาม,low
/กล้อง/ขายกล้อง-canon-มือสองที่ไหนด/,301,/models/#canon,0 คลิก 1 impression Canon generic,low
/กล้อง/รับซื้อกล้องคอมแพคมือส-6/,301,/models/,0 คลิก 1 impression คอมแพค → models,low
/กล้อง/รับซื้อกล้องมือสอง-รับ-2/,301,/,0 คลิก 1 impression generic,low
/กล้อง/รับซื้อกล้องมือสอง-เลน-9/,301,/models/,0 คลิก 1 impression เลนส์,low
/กล้อง/รับซื้อกล้องมือสอง-ไม่-5/,301,/,0 คลิก 1 impression generic,low
/กล้อง/รับซื้อกล้องวิดีโอมือ-13/,301,/models/,0 คลิก 1 impression กล้องวิดีโอ → models,low
/กล้อง/รับซื้อกล้อง-fujifilm-x100v-มือสอง-ยโ/,301,/,0 คลิก 1 impression ยโสธร ไม่มีหน้า,low
/กล้อง/รับซื้อกล้อง-gopro-มือสอง-กาฬ/,301,/รับซื้อกล้อง/รับซื้อกล้องมือสอง-กาฬส/,0 คลิก 1 impression GoPro+กาฬสินธุ์,low
/กล้อง/รับซื้อกล้อง-gopro-มือสอง-มหา/,301,/รับซื้อกล้อง/รับซื้อกล้องมือสอง-มหาส/,0 คลิก 1 impression GoPro+มหาสารคาม,low
/กล้อง/รับซื้อกล้อง-nikon-z6-มือสอง-ยโส/,301,/,0 คลิก 1 impression ยโสธร ไม่มีหน้า,low
/กล้อง/รับซื้อกล้อง-olympus-มือสอง-นค-2/,301,/,0 คลิก 1 impression Olympus+นคร ไม่ชัด,low
/กล้อง/รับซื้อเลนส์กล้องมือสอ-4/,301,/models/,0 คลิก 1 impression เลนส์,low
/กล้อง/รับซื้อ-sony-a7iv-มือสอง-ให้ราคา/,301,/models/#sony,0 คลิก 1 impression Sony A7IV → models,low
/กล้อง/ร้านรับซื้อกล้องมือสอ-15/,301,/,0 คลิก 1 impression generic,low
/กล้อง/ขายกล้องมือสองที่ไหนดี-8/,301,/,0 คลิก 1 impression generic ขายที่ไหน,low
/กล้อง/รับซื้อกล้องถ่ายรูปมือ-7/,301,/,0 คลิก 1 impression generic,low
/กล้อง/รับซื้อกล้องมือสอง-รับ-63/,301,/,0 คลิก 1 impression generic,low
/กล้อง/รับซื้อกล้องใช้งานปกต-14/,301,/,0 คลิก 1 impression generic,low
/กล้อง/รับซื้อกล้อง-canon-eos-rp-มือสอง-ยโ/,301,/,0 คลิก 1 impression ยโสธร ไม่มีหน้า,low
/กล้อง/รับซื้อกล้อง-sony-a6400-มือสอง-นค/,301,/,0 คลิก 1 impression Sony A6400+นคร generic,low
/รับซื้อกล้อง/ร้านรับซื้อกล้องภูเก็ต/,301,/,0 คลิก 1 impression ไม่มีหน้าภูเก็ต,low
/tag/รับซื้อกล้องมือสอง-สุรา/,noindex,,0 คลิก 1 impression tag,low
/กล้อง/รับซื้อกล้องมือสองบุรี-2/,301,/รับซื้อกล้อง/รับซื้อกล้องมือสอง-บุรี/,0 คลิก 1 impression บุรีรัมย์,low
/กล้อง/รับซื้อกล้องมือสอง-ถึง-16/,301,/,0 คลิก 1 impression generic,low
/กล้อง/รับซื้อกล้องมือสอง-ถึง-19/,301,/,0 คลิก 1 impression generic,low
/กล้อง/รับซื้อกล้องมือสอง-ถึง-9/,301,/,0 คลิก 1 impression generic,low
/กล้อง/รับซื้อกล้องมือสอง-เกษต/,301,/,0 คลิก 1 impression เกษตรวิสัย near ร้อยเอ็ด,low
/กล้อง/รับซื้อกล้องมือสอง-เลน-35/,301,/models/,0 คลิก 1 impression เลนส์,low
/กล้อง/รับซื้อกล้องใช้งานปกติ-6/,301,/,0 คลิก 1 impression generic,low
/กล้อง/รับซื้อกล้อง-canon-มือสอง-บุร/,301,/รับซื้อกล้อง/รับซื้อกล้องมือสอง-บุรี/,0 คลิก 1 impression Canon+บุรีรัมย์,low
/กล้อง/รับซื้อกล้อง-canon-eos-rp-มือสอง-สก/,301,/models/#canon,0 คลิก 1 impression Canon EOS RP+สกลนคร → models,low
/กล้อง/รับซื้อกล้อง-canon-nikon-กาฬสินธุ/,301,/รับซื้อกล้อง/รับซื้อกล้องมือสอง-กาฬส/,0 คลิก 1 impression Canon+Nikon+กาฬสินธุ์,low
/กล้อง/รับซื้อกล้อง-fujifilm-x-t4-มือสอง-ขอ/,301,/รับซื้อกล้อง/รับซื้อกล้องมือสอง-ขอนแ/,0 คลิก 1 impression Fuji XT4+ขอนแก่น,low
/กล้อง/รับซื้อกล้อง-nikon-z5-มือสอง-มหา/,301,/รับซื้อกล้อง/รับซื้อกล้องมือสอง-มหาส/,0 คลิก 1 impression Nikon Z5+มหาสารคาม,low
/กล้อง/รับซื้อเลนส์กล้องมือส-14/,301,/models/,0 คลิก 1 impression เลนส์,low
/กล้อง/ร้านรับซื้อกล้อง-อำนาจเ/,301,/รับซื้อกล้อง/ร้านรับซื้อกล้องอำนาจเ/,0 คลิก 1 impression อำนาจเจริญ มีหน้ารับ,low
/tag/ร้านรับซื้อกล้อง-ชัยภูม/,noindex,,0 คลิก 1 impression tag,low
/กล้อง/ขายกล้องมือสองที่ไหนด-14/,301,/,0 คลิก 1 impression generic,low
/กล้อง/รับซื้อกล้องถ่ายรูปมือ-6/,301,/,0 คลิก 1 impression generic,low
/กล้อง/รับซื้อกล้องมือสองวานร/,301,/,0 คลิก 1 impression วานรนิวาส near สกลนคร,low
/กล้อง/รับซื้อกล้องมือสอง-ถึง-18/,301,/,0 คลิก 1 impression generic,low
/กล้อง/รับซื้อกล้องมือสอง-นัด-16/,301,/,0 คลิก 1 impression generic,low
/กล้อง/รับซื้อกล้องมือสอง-บึง-2/,301,/รับซื้อกล้อง/ร้านรับซื้อกล้องหนองคา/,0 คลิก 1 impression บึงกาฬ,low
/กล้อง/รับซื้อกล้องมือสอง-พรรณ/,301,/,0 คลิก 1 impression พรรณนานิคม near สกลนคร,low
/กล้อง/รับซื้อกล้องมือสอง-มหา-2/,301,/รับซื้อกล้อง/รับซื้อกล้องมือสอง-มหาส/,0 คลิก 1 impression มหาสารคาม,low
/กล้อง/รับซื้อกล้องมือสอง-ใกล-2/,301,/,0 คลิก 1 impression ใกล้ฉัน generic,low
/กล้อง/รับซื้อกล้องวิดีโอมือส-5/,301,/models/,0 คลิก 1 impression กล้องวิดีโอ,low
/กล้อง/รับซื้อกล้อง-canon-eos-rp-มือสอง-หน/,301,/models/#canon,0 คลิก 1 impression Canon EOS RP,low
/กล้อง/รับซื้อกล้อง-dslr-มือสอง-ร้อ/,301,/รับซื้อกล้อง/รับซื้อกล้องมือสอง-ร้อย/,0 คลิก 1 impression DSLR+ร้อยเอ็ด,low
/กล้อง/รับซื้อกล้อง-dslr-สกลนคร/,301,/กล้อง/ร้านรับซื้อกล้อง-สกลนคร/,0 คลิก 1 impression DSLR+สกลนคร → หน้าสกลนคร,low
/กล้อง/รับซื้อกล้อง-fujifilm-x-t30-มือสอง-อุ/,301,/รับซื้อกล้อง/ร้านรับซื้อกล้องอุบลรา/,0 คลิก 1 impression Fuji XT30+อุบลฯ,low
/กล้อง/รับซื้อกล้อง-gopro-hero-มือสอง-ขอ/,301,/รับซื้อกล้อง/รับซื้อกล้องมือสอง-ขอนแ/,0 คลิก 1 impression GoPro+ขอนแก่น,low
/กล้อง/รับซื้อกล้อง-leica-ราคาสูง/,301,/models/#leica,0 คลิก 1 impression Leica generic → models,low
/กล้อง/รับซื้อกล้อง-lumix-gh5-มือสอง-ขอ/,301,/รับซื้อกล้อง/รับซื้อกล้องมือสอง-ขอนแ/,0 คลิก 1 impression Lumix+ขอนแก่น,low
/กล้อง/รับซื้อกล้อง-olympus-มือสอง-ขอน/,301,/รับซื้อกล้อง/รับซื้อกล้องมือสอง-ขอนแ/,0 คลิก 1 impression Olympus+ขอนแก่น,low
/กล้อง/รับซื้อกล้อง-olympus-มือสอง-ยโส/,301,/,0 คลิก 1 impression ยโสธร ไม่มีหน้า,low
/กล้อง/รับซื้อกล้อง-sony-a7-iii-มือสอง-ยโ/,301,/,0 คลิก 1 impression ยโสธร ไม่มีหน้า,low
/กล้อง/ร้านรับซื้อกล้อง-กาฬสิน/,301,/รับซื้อกล้อง/รับซื้อกล้องมือสอง-กาฬส/,0 คลิก 1 impression กาฬสินธุ์,low
/tag/รับซื้อกล้องมือสอง-ยโสธ/,noindex,,0 คลิก 1 impression tag,low
/tag/ร้านรับซื้อกล้อง-พังงา/,noindex,,0 คลิก 1 impression tag,low
/tag/ร้านรับซื้อกล้อง-ภูเก็ต/,noindex,,0 คลิก 1 impression tag,low
/กล้อง/ขายกล้องมือสองที่ไหนดี-4/,301,/,0 คลิก 1 impression generic,low
/กล้อง/รับซื้อกล้องชัตเตอร์เย/,301,/article/shutter-count/,0 คลิก 1 impression ชัตเตอร์เยอะ → บทความ shutter count,low
/กล้อง/รับซื้อกล้องฟูลเฟรม-มื-3/,301,/models/,0 คลิก 1 impression ฟูลเฟรม → models,low
/กล้อง/รับซื้อกล้องมือสอง-ท่าบ/,301,/รับซื้อกล้อง/ร้านรับซื้อกล้องหนองคา/,0 คลิก 1 impression ท่าบ่อ อยู่ใน หนองคาย,low
/กล้อง/รับซื้อกล้องมือสอง-ประต/,301,/,0 คลิก 1 impression ประตูชัย? unclear,low
/กล้อง/รับซื้อกล้องมือสอง-สกล-4/,301,/กล้อง/ร้านรับซื้อกล้อง-สกลนคร/,0 คลิก 1 impression สกลนคร,low
/กล้อง/รับซื้อกล้องมือสอง-สีคิ/,301,/รับซื้อกล้อง/รับซื้อกล้องมือสอง-ขอนแ/,0 คลิก 1 impression สีคิ้ว near นครราชสีมา? no province page → homepage better,low
/กล้อง/รับซื้อกล้องมือสอง-สุร-3/,301,/รับซื้อกล้อง/ร้านรับซื้อกล้องสุรินท/,0 คลิก 1 impression สุรินทร์,low
/กล้อง/รับซื้อกล้องมือสอง-ส่ง-5/,301,/,0 คลิก 1 impression ส่งกล้อง generic,low
/กล้อง/รับซื้อกล้องมือสอง-ใกล-4/,301,/,0 คลิก 1 impression ใกล้ฉัน,low
/กล้อง/รับซื้อกล้องเสียบางอา-14/,301,/,0 คลิก 1 impression กล้องเสีย generic,low
/กล้อง/รับซื้อกล้อง-dslr-มือสอง-สุร/,301,/รับซื้อกล้อง/ร้านรับซื้อกล้องสุรินท/,0 คลิก 1 impression DSLR+สุรินทร์,low
/กล้อง/รับซื้อกล้อง-gopro-มือสอง-อำน/,301,/รับซื้อกล้อง/ร้านรับซื้อกล้องอำนาจเ/,0 คลิก 1 impression GoPro+อำนาจเจริญ,low
/กล้อง/รับซื้อกล้องมือสองครบว/,301,/,0 คลิก 1 impression generic,low
/กล้อง/รับซื้อกล้องมือสอง-ไม่-18/,301,/,0 คลิก 1 impression generic,low
/กล้อง/รับซื้อกล้อง-leica-มือสอง-สุร/,301,/models/#leica,0 คลิก 1 impression Leica+สุรินทร์ → models Leica,low
/กล้อง/รับซื้อกล้อง-nikon-z6-มือสอง-สุร/,301,/รับซื้อกล้อง/ร้านรับซื้อกล้องสุรินท/,0 คลิก 1 impression Nikon Z6+สุรินทร์,low
/รับซื้อกล้อง/ร้านรับซื้อกล้องบึงกาฬ/,301,/รับซื้อกล้อง/ร้านรับซื้อกล้องหนองคา/,0 คลิก 1 impression บึงกาฬ near หนองคาย,low
/กล้อง/รับซื้อกล้องมือสอง-นัด-8/,301,/,0 คลิก 1 impression generic,low
/รับซื้อกล้อง/รับซื้อกล้องมือสอง-อำนา/,301,/รับซื้อกล้อง/ร้านรับซื้อกล้องอำนาจเ/,0 คลิก 1 impression อำนาจเจริญ,low
/กล้อง/รับซื้อกล้องมือสอง-หนอ-9/,301,/รับซื้อกล้อง/ร้านรับซื้อกล้องหนองคา/,0 คลิก 1 impression หนองคาย,low
/กล้อง/ร้านรับซื้อกล้อง-ขอนแก่/,301,/รับซื้อกล้อง/รับซื้อกล้องมือสอง-ขอนแ/,0 คลิก 1 impression ขอนแก่น,low
/กล้อง/รับซื้อกล้อง-fujifilm-x-t4-มือสอง-สก/,301,/models/#fujifilm,0 คลิก 1 impression Fuji XT4+สกลนคร → models,low
/กล้อง/รับซื้อกล้อง-canon-มือสอง-บึง/,301,/รับซื้อกล้อง/ร้านรับซื้อกล้องหนองคา/,0 คลิก 1 impression Canon+บึงกาฬ,low
/กล้อง/รับซื้อกล้อง-nikon-z6-มือสอง-หนอ/,301,/รับซื้อกล้อง/ร้านรับซื้อกล้องหนองคา/,0 คลิก 1 impression Nikon Z6+หนองคาย,low
/กล้อง/รับซื้อกล้องมือสอง-ร้า-7/,301,/,0 คลิก 1 impression generic,low
/กล้อง/ขายกล้องมือสองที่ไหนด-19/,301,/,0 คลิก 1 impression generic,low
/กล้อง/รับซื้อกล้อง-fujifilm-x100v-มือสอง-เล/,301,/,0 คลิก 1 impression Fuji X100V+เลย ไม่มีหน้า,low
/กล้อง/รับซื้อกล้องมือสอง-กาฬ-3/,301,/รับซื้อกล้อง/รับซื้อกล้องมือสอง-กาฬส/,0 คลิก 1 impression กาฬสินธุ์,low
/กล้อง/รับซื้อกล้อง-nikon-z5-มือสอง-หน-2/,301,/,0 คลิก 1 impression Nikon Z5 generic,low
/กล้อง/รับซื้อกล้อง-canon-eos-r-มือสอง-หน/,301,/models/#canon,0 คลิก 1 impression Canon EOS R,low
/กล้อง/รับซื้อกล้อง-olympus-om-d-มือสอง-สก/,301,/models/#olympus,0 คลิก 1 impression Olympus+สกลนคร → models,low
/กล้อง/รับซื้อกล้อง-olympus-มือสอง-มุก/,301,/,0 คลิก 1 impression มุกดาหาร ไม่มีหน้า,low
/กล้อง/รับซื้อ-dji-osmo-pocket-มือสอง/,301,/models/#dji,0 คลิก 1 impression DJI Osmo → models,low
/กล้อง/รับซื้อกล้อง-leica-q-มือสอง-ขอน/,301,/รับซื้อกล้อง/รับซื้อกล้องมือสอง-ขอนแ/,0 คลิก 1 impression Leica Q+ขอนแก่น → หน้าจังหวัด,low
/กล้อง/รับซื้อกล้อง-olympus-om-d-มือสอง-มุ/,301,/,0 คลิก 1 impression Olympus+มุกดาหาร ไม่มีหน้า,low
/กล้อง/รับซื้อกล้อง-gopro-มือสอง-หนอ/,301,/รับซื้อกล้อง/ร้านรับซื้อกล้องหนองคา/,0 คลิก 1 impression GoPro+หนองคาย,low
/กล้อง/รับซื้อกล้อง-olympus-omd-มือสอง-หน/,301,/,0 คลิก 1 impression Olympus OmD generic,low
/กล้อง/รับซื้อกล้อง-canon-eos-rp-มือสอง-ขอ/,301,/รับซื้อกล้อง/รับซื้อกล้องมือสอง-ขอนแ/,0 คลิก 1 impression Canon EOS RP+ขอนแก่น,low
